,0
0,"https://www.sahibinden.com/ilan/vasita-otomobil-bmw-2014-525-x-driver-ici-taba-renk-988025203/detay
"
1,"https://www.sahibinden.com/ilan/vasita-otomobil-bmw-auto-gallery-den-2012-bmw-520d-borusan-bayi-cikisli-717145323/detay
"
2,"https://www.sahibinden.com/ilan/vasita-otomobil-bmw-borusan-cikisli-borusan-bakimli-hayalet-vakum-premium-paket-1012227666/detay
"
3,"https://www.sahibinden.com/ilan/vasita-otomobil-bmw-firat-otomotiv-den-2013-320ied-standart-hatasiz-sadece-111.000km-1013425535/detay
"
4,"https://www.sahibinden.com/ilan/vasita-otomobil-bmw-2014-tam-dolu-bayii-elk-perde-vakum-recaro-servis-bak.hatasiz-1013427609/detay
"
5,"https://www.sahibinden.com/ilan/vasita-otomobil-bmw-sunroof-koltuk-isitma-hafizali-koltuk-az-km-hatasiz-firsat-1013398387/detay
"
6,"https://www.sahibinden.com/ilan/vasita-otomobil-bmw-sadece-84.000km-bmw-1.16i-sunroof-hatasiz-cruise-temiz-bakimli-1013395238/detay
"
7,"https://www.sahibinden.com/ilan/vasita-otomobil-bmw-hatasiz-m-sport-executive-plus-harman-kardon-plusadaptif-m-suspansiyon-1013379912/detay
"
8,"https://www.sahibinden.com/ilan/vasita-otomobil-bmw-2015-model-525d-xdrive-a-dan-z-ye-tum-bakimlari-yapilmis-takasli-1010173950/detay
"
9,"https://www.sahibinden.com/ilan/vasita-otomobil-bmw-sahibinden-220d-msport-harman-kardon-lci-stop-estoril-ekstra-1013358833/detay
"
10,"https://www.sahibinden.com/ilan/vasita-otomobil-bmw-sahibinden-temiz-masrafsiz-3.16i-f30-f80-1013354573/detay
"
11,"https://www.sahibinden.com/ilan/vasita-otomobil-bmw-sahibinden-bayi-cikisli-5.20i-vakum-plushayalet-plussunroof-plusgeri-gor-plusf1-1013331083/detay
"
12,"https://www.sahibinden.com/ilan/vasita-otomobil-bmw-isimden-kaynakli-cok-acil-satilik-hatasiz-orjinal-m-sport-bmw-984940248/detay
"
13,"https://www.sahibinden.com/ilan/vasita-otomobil-bmw-kirmizi-2020-hatasiz-216d-sport-line-executive-hayalet-1013332730/detay
"
14,"https://www.sahibinden.com/ilan/vasita-otomobil-bmw-yetkili-servisten-2012-bmw-520d-gt-vakum-naviga.cam-tavan-224-km-1013318426/detay
"
15,"https://www.sahibinden.com/ilan/vasita-otomobil-bmw-auto-asaftan-2016-model-hatasiz-bmw-5.20-i-executive-1013308255/detay
"
16,"https://www.sahibinden.com/ilan/vasita-otomobil-bmw-hatasiz-2015-bmw-320-ied-m-plus-119bin-sunroof-recore-geri-gorus-988881206/detay
"
17,"https://www.sahibinden.com/ilan/vasita-otomobil-bmw-korkmaz-hatasiz-boyasiz-tramersiz-emsalsiz-temizliklte-60.xxxkm-1013270792/detay
"
18,"https://www.sahibinden.com/ilan/vasita-otomobil-bmw-hatasiz-extrali-executive-m-sport-927162244/detay
"
19,"https://www.sahibinden.com/ilan/vasita-otomobil-bmw-f82-m4-competition-pluscomp-koltuk-plus-jant-plusheadup-plusmperformance-eksoz-1013123778/detay
"
20,"https://www.sahibinden.com/ilan/vasita-otomobil-bmw-yok-boylesi-adaptip-far-19jant-carbon-tam-deri-kor-nokta-84km-1013120894/detay
"
21,"https://www.sahibinden.com/ilan/vasita-otomobil-bmw-bozdag-dan-degisensiz-tramersiz-sunroof-xenon-nbt-recaro-full-1013100333/detay
"
22,"https://www.sahibinden.com/ilan/vasita-otomobil-bmw-orjinalcilere-ozel-108.xxx-km-de-hatasiz-1013097115/detay
"
23,"https://www.sahibinden.com/ilan/vasita-otomobil-bmw-kazasiz-boyasiz-tramersiz-extrali-1013077146/detay
"
24,"https://www.sahibinden.com/ilan/vasita-otomobil-bmw-yasli-auto-2020-boyasiz-executive-22000-km-hayalet-navigasyon-992350704/detay
"
25,"https://www.sahibinden.com/ilan/vasita-otomobil-bmw-hatasiz-5.20i-borusan-bakimli-1008967344/detay
"
26,"https://www.sahibinden.com/ilan/vasita-otomobil-bmw-2021-borusan-cikisli-4.20-m-sport-laser-light-harman-m-koltuk-1013063451/detay
"
27,"https://www.sahibinden.com/ilan/vasita-otomobil-bmw-2016-520i-exec-m-sport-sunrof-plusnbt-plushafza-pluselk-bgj-plusrecaro-pluskeylesgo-1004317178/detay
"
28,"https://www.sahibinden.com/ilan/vasita-otomobil-bmw-2014-bmw-520i-m-sport-hayalet-bayi-hatasiz-boyasiz-vakum-hayalet-983048621/detay
"
29,"https://www.sahibinden.com/ilan/vasita-otomobil-bmw-hatasiz-boyasiz-kazasiz-orjinal-ic-ve-dis-m-paket-navigasyonlu-1013052606/detay
"
30,"https://www.sahibinden.com/ilan/vasita-otomobil-bmw-acilll-bmw-525-x-drive-m-sport-bu-fiyata-yok-faturali-1013040209/detay
"
31,"https://www.sahibinden.com/ilan/vasita-otomobil-bmw-bmw-520i-hatasiz-boyasiz-tramersiz-2014-1013028753/detay
"
32,"https://www.sahibinden.com/ilan/vasita-otomobil-bmw-marcar-plaza-dan-75.500tl-pesinatla-2012-bmw-1-serisi-1.16i-comf-1007299610/detay
"
33,"https://www.sahibinden.com/ilan/vasita-otomobil-bmw-bmw-116-d-m-plus-full-plusfull-1000702029/detay
"
34,"https://www.sahibinden.com/ilan/vasita-otomobil-bmw-degisensiz-xdrive-sportline.acil-en-uygunu-orj-151500-km-1012980941/detay
"
35,"https://www.sahibinden.com/ilan/vasita-otomobil-bmw-327.000-pesinle-seramik-kaplama-nbt-ekran-m-direksiyon-525xd-968251391/detay
"
36,"https://www.sahibinden.com/ilan/vasita-otomobil-bmw-snapper-mavisi-rock-blue-lansman-rengidir-1012916688/detay
"
37,"https://www.sahibinden.com/ilan/vasita-otomobil-bmw-137.000-pesinatla-2018-bmw-5.20i-vakumlu-kapilar-pluselktr-bagaj-972220058/detay
"
38,"https://www.sahibinden.com/ilan/vasita-otomobil-bmw-2016-bmw-3.18i-m-joy-paket-sadece-64.000-km-de-1007332603/detay
"
39,"https://www.sahibinden.com/ilan/vasita-otomobil-bmw-2015-boyasizz-525d-x-drive-hayalet-nbt-vakum-navi-hafiza-bayi-1012908811/detay
"
40,"https://www.sahibinden.com/ilan/vasita-otomobil-bmw-yazar-otomotiv-hatasiz-indivudial-2015-ozel-renk-4.20d-xdrive-991738051/detay
"
41,"https://www.sahibinden.com/ilan/vasita-otomobil-bmw-nadir-kalanlardan-bmw-520i-executive-m-sport-44bin-km-hatasiz-1003865244/detay
"
42,"https://www.sahibinden.com/ilan/vasita-otomobil-bmw-bmw-z4-3.0i-sdriver-ozel-renk-ozel-siparis-shadow-m-fren-1003842115/detay
"
43,"https://www.sahibinden.com/ilan/vasita-otomobil-bmw-sahibinden-tertemiz-kazasiz%2Chasar-kayitsiz-bej-deri-bmw-3.16ti-1012841223/detay
"
44,"https://www.sahibinden.com/ilan/vasita-otomobil-bmw-masrafsiz-arac-isteyenlere-1012846284/detay
"
45,"https://www.sahibinden.com/ilan/vasita-otomobil-bmw-sahibinden-hatasiz-boyasiz-bmw-3.20-i-first-edition-m-sport-1012745636/detay
"
46,"https://www.sahibinden.com/ilan/vasita-otomobil-bmw-boyasiz-520msport-plusrecaro-plusnbt-plushayalet-plusvakum-plussunrof-plus360camera-plusful-1004643606/detay
"
47,"https://www.sahibinden.com/ilan/vasita-otomobil-bmw-2013-bmw-5.25d-xdrive-orjinal-ozel-renk-162.000-km-masrafsiz-1012826893/detay
"
48,"https://www.sahibinden.com/ilan/vasita-otomobil-bmw-2021-hatasiz-216d-first-ed-m-sport-executive-kor-nkt-serit-tkp-1011691378/detay
"
49,"https://www.sahibinden.com/ilan/vasita-otomobil-bmw-acil-sahibinden-bmw-5.20i-hayalet-vakum-elektirikli-bagaj-1012558977/detay
"
50,"https://www.sahibinden.com/ilan/vasita-otomobil-bmw-sahibinden-2016-116d-taba-koltuk-cruise-g.gorus-sunrof-hatasiz-1012130678/detay
"
51,"https://www.sahibinden.com/ilan/vasita-otomobil-bmw-bmw-320d-xrive-buyuk-ekran-sanroof-xenon-tramersiz-993923734/detay
"
52,"https://www.sahibinden.com/ilan/vasita-otomobil-bmw-doktordan-satilik-853359227/detay
"
53,"https://www.sahibinden.com/ilan/vasita-otomobil-bmw-sahibinden-hatasiz-cok-cok-ozel-1012586421/detay
"
54,"https://www.sahibinden.com/ilan/vasita-otomobil-bmw-park61-den-2012-exclusive-plusmsport-263.000km-5.20d-1012568641/detay
"
55,"https://www.sahibinden.com/ilan/vasita-otomobil-bmw-2011-bmw-3.16i-senetle-taksitlendirme-secenegimiz-vardir-981078980/detay
"
56,"https://www.sahibinden.com/ilan/vasita-otomobil-bmw-2002-320d-premium_sunroff_der_istma_elk.perde_k.ayna_xenon_ful-1012550936/detay
"
57,"https://www.sahibinden.com/ilan/vasita-otomobil-bmw-kaygusuz-auto-2016-bmw-3.20-m-plus-nbt-hi-fi-elektrikli-koltuk-994698480/detay
"
58,"https://www.sahibinden.com/ilan/vasita-otomobil-bmw-18-kdvdahil-bayi-73-binde-eller-serbest-airmatic-nergisotomotiv-994441126/detay
"
59,"https://www.sahibinden.com/ilan/vasita-otomobil-bmw-2012-model-520d-siyah-1012516269/detay
"
60,"https://www.sahibinden.com/ilan/vasita-otomobil-bmw-brothers-motors-blackpanter-cam-tavan-plushayalet-nbt-pluselk-bagaj-520d-976872903/detay
"
61,"https://www.sahibinden.com/ilan/vasita-otomobil-bmw-2011-model-bmw-520d-beyaz-1012507656/detay
"
62,"https://www.sahibinden.com/ilan/vasita-otomobil-bmw-2016-cikisli-bmw-3.20i-ed-m-plus-iskelet-nbt-hayalet-979406521/detay
"
63,"https://www.sahibinden.com/ilan/vasita-otomobil-bmw-sahibinden-2010-bmw-z4-3.5i-sdrive-843599023/detay
"
64,"https://www.sahibinden.com/ilan/vasita-otomobil-bmw-hatasiz-boyasiz-kayitsiz-110bin-km-de-986204421/detay
"
65,"https://www.sahibinden.com/ilan/vasita-otomobil-bmw-2014-model-hatasiz-degisensiz-sunroof-hafiza-pluselektrik-30dk-kredi-1012433842/detay
"
66,"https://www.sahibinden.com/ilan/vasita-otomobil-bmw-sahibinden-cok-temiz-bakimli-1012430510/detay
"
67,"https://www.sahibinden.com/ilan/vasita-otomobil-bmw-hatasiz-boyasiz-2016-320-komple-f80-m-plusrecaro-plussunrof-plusbluetoth-1011188269/detay
"
68,"https://www.sahibinden.com/ilan/vasita-otomobil-bmw-hatasiz-boyasiz-emsalsiz-5.25d-xdrive-972444668/detay
"
69,"https://www.sahibinden.com/ilan/vasita-otomobil-bmw-orjinal-m-sport-hayalet-recore-1011489862/detay
"
70,"https://www.sahibinden.com/ilan/vasita-otomobil-bmw-sahibinden-satilik-hatasiz-msport-bmw-5seri-1012269142/detay
"
71,"https://www.sahibinden.com/ilan/vasita-otomobil-bmw-sahibinden-dusuk-km-3.20ied-luxury-line-son-fiyat-1012255985/detay
"
72,"https://www.sahibinden.com/ilan/vasita-otomobil-bmw-a.r.g_2013-bmw-5.20i-hatasiz-premium-vakum-hayalet-nbt-ekran-1012241540/detay
"
73,"https://www.sahibinden.com/ilan/vasita-otomobil-bmw-bayi-orj.km-de-degisensiz-140-beygir-1012242685/detay
"
74,"https://www.sahibinden.com/ilan/vasita-otomobil-bmw-yb-den-orjinal-m-sport-bmw-316i-1010945711/detay
"
75,"https://www.sahibinden.com/ilan/vasita-otomobil-bmw-acil-sahibinden-temiz-arac-1012129090/detay
"
76,"https://www.sahibinden.com/ilan/vasita-otomobil-bmw-arda-otomotiv-den-2001-bmw-520i-sadece-118000km-kusursuz-1012128144/detay
"
77,"https://www.sahibinden.com/ilan/vasita-otomobil-bmw-170-bin-km-de-400-favoriye-ozel-yetisen-alir-f80-body-kit-1009780298/detay
"
78,"https://www.sahibinden.com/ilan/vasita-otomobil-bmw-sahibinden-borusan-cikisli-emsalsiz-temiz-sandik-motorlu-7.30d-1012068630/detay
"
79,"https://www.sahibinden.com/ilan/vasita-otomobil-bmw-2o14-bmw-320i-m-plus-k.hafiza-g.gorus-recaro-koltuk-en-dolusu-1012067513/detay
"
80,"https://www.sahibinden.com/ilan/vasita-otomobil-bmw-enok-motors-2017-plus48.000-km-plus-4.18-msport-grandcoupe-borusan-cks-1012032343/detay
"
81,"https://www.sahibinden.com/ilan/vasita-otomobil-bmw-degisensiz-hatasiz-dusuk-km-ekstrali-1012028818/detay
"
82,"https://www.sahibinden.com/ilan/vasita-otomobil-bmw-boyasiz-plusparksensoru-plusgerigorus-plusxenon-plussunroof-plusservisbakimli-1012025206/detay
"
83,"https://www.sahibinden.com/ilan/vasita-otomobil-bmw-firsat-2014-98.000km-orj.ic-dis-mpkt-1011518927/detay
"
84,"https://www.sahibinden.com/ilan/vasita-otomobil-bmw-cagatay-auto-bmw-2.18i-c.tavan-otonom-hayalet-navi-hifi-bej-deri-977296504/detay
"
85,"https://www.sahibinden.com/ilan/vasita-otomobil-bmw-fk-motors-2020-first-edition-m-sport-hatasiz-1011930226/detay
"
86,"https://www.sahibinden.com/ilan/vasita-otomobil-bmw-2021-bmw-3.20-navigsyn-elekrk-bagj-hifi-tam-haylt-istma-kor-nokt-1001256555/detay
"
87,"https://www.sahibinden.com/ilan/vasita-otomobil-bmw-2008-boyasiz-isitma-plusanahtarsiz-calistirma-plushead-up-plushiz-sabitleme-1011830514/detay
"
88,"https://www.sahibinden.com/ilan/vasita-otomobil-bmw-grand-boyasiz-next100-carplay-tabadoseme-luxuryline-servisbakim-1011762882/detay
"
89,"https://www.sahibinden.com/ilan/vasita-otomobil-bmw-borusan-cikisli-borusan-bakimli-ilk-sahbnden-boyasiz-tramersiz-1011726321/detay
"
90,"https://www.sahibinden.com/ilan/vasita-otomobil-bmw-hatasiz-boyasiz-ici-disi-bej-orjinal-kmde-modernline-plusgeri-gorus-986150086/detay
"
91,"https://www.sahibinden.com/ilan/vasita-otomobil-bmw-2015-model-bmw-2-serisi-benzin-otomatik-active-tourer-119000-k-1011672293/detay
"
92,"https://www.sahibinden.com/ilan/vasita-otomobil-bmw-2020-bmw-520i-borusan-s.edition-luxury-line-boyasiz-18-kdv-1011643019/detay
"
93,"https://www.sahibinden.com/ilan/vasita-otomobil-bmw-yetkili-servisten-2003-bmw-316ti-compact-manuel-330-km-1011642786/detay
"
94,"https://www.sahibinden.com/ilan/vasita-otomobil-bmw-borusan-luxury-line-plus-makam-perde-harman-ses-bej-deri-1000385608/detay
"
95,"https://www.sahibinden.com/ilan/vasita-otomobil-bmw-bmw5.20d-orjinal-bayi-bakimli-sunroof%2Cmakamperde%2Cisitma-kusursuz-1011490069/detay
"
96,"https://www.sahibinden.com/ilan/vasita-otomobil-bmw-kilic-otomotiv-den-2017-bmw-3.18i-sport-plus-50000-km-hatasiz-944159246/detay
"
97,"https://www.sahibinden.com/ilan/vasita-otomobil-bmw-aa-motors-14-cikis-5.25d-xdrive-hatasiz-plushayalet-plusnbt-plusvakum-bayi-998759197/detay
"
98,"https://www.sahibinden.com/ilan/vasita-otomobil-bmw-cc-otomotiv-den-2019-model-bmw-520i-m-sport-35-bin-km-orjinal-1011259709/detay
"
99,"https://www.sahibinden.com/ilan/vasita-otomobil-bmw-2016-model-bmw-520i-benzin-otomatik-luxury-line-1011253623/detay
"
100,"https://www.sahibinden.com/ilan/vasita-otomobil-bmw-mini-car-34-2018-bmw-520i-luxury-line-985622624/detay
"
101,"https://www.sahibinden.com/ilan/vasita-otomobil-bmw-mert-otomotiv-den-2016-bmw-520i-executive-plus-hatasiz-full-plusfull-984669900/detay
"
102,"https://www.sahibinden.com/ilan/vasita-otomobil-bmw-sahibinden-temiz-116i-ekstrali-979338569/detay
"
103,"https://www.sahibinden.com/ilan/vasita-otomobil-bmw-2016-bmw-5.20i-exculitive-full-plus-full-vakum-nbt-elektrikli-bagaj-1010938788/detay
"
104,"https://www.sahibinden.com/ilan/vasita-otomobil-bmw-sahibinden-tramersiz-2013-dusuk-km-520d-1010896943/detay
"
105,"https://www.sahibinden.com/ilan/vasita-otomobil-bmw-park61-den-2013-bmw-525-xdrive-premium-hayalet-vakum-190.000km-1010718582/detay
"
106,"https://www.sahibinden.com/ilan/vasita-otomobil-bmw-fys-motors-bmw-2.18i-15.000-km-hatasiz-boyasiz-full-plus-full-992958615/detay
"
107,"https://www.sahibinden.com/ilan/vasita-otomobil-bmw-grand-ilksahip-43.141km-gerigorus-bi-xenon-isik-plusteknoloji-paketi-1010655831/detay
"
108,"https://www.sahibinden.com/ilan/vasita-otomobil-bmw-ritim-motors-2016-model-borusan-bmw-5.20i-executive-m-sport-996542989/detay
"
109,"https://www.sahibinden.com/ilan/vasita-otomobil-bmw-bmw-4.20-d-coupe-74-bin-km-hatasiz-boyasiz-984150544/detay
"
110,"https://www.sahibinden.com/ilan/vasita-otomobil-bmw-55-bin-tramersiz-boyasiz-2017-buyuk-hayalet-ekran-akilli-anahtar-1010555264/detay
"
111,"https://www.sahibinden.com/ilan/vasita-otomobil-bmw-2017-bmw-3.20d-x-drive-190-hp-sedan-pure-full-borusan-hatasiz-1010542900/detay
"
112,"https://www.sahibinden.com/ilan/vasita-otomobil-bmw-hatasiz-ici-taba-mdrksyn-plusmjant-plusf1-pluscruise-plusk.isitm-plusm.prde-plush.kardon-1010413850/detay
"
113,"https://www.sahibinden.com/ilan/vasita-otomobil-bmw-auto-hizli-dan-bmw-520i-1001285952/detay
"
114,"https://www.sahibinden.com/ilan/vasita-otomobil-bmw-sahibinden-2013-model-520d-vakum-nbt-ekran-1010359256/detay
"
115,"https://www.sahibinden.com/ilan/vasita-otomobil-bmw-galeri-gokhan-dan-bmw-m-sport-hatasiz-boyasiz-servis-bakimli-1010054025/detay
"
116,"https://www.sahibinden.com/ilan/vasita-otomobil-bmw-yetkili-saticidan-2020-216d-gran-coupe-first-edition-m-sport-1010016063/detay
"
117,"https://www.sahibinden.com/ilan/vasita-otomobil-bmw-96.000km-boyasiz-tramersiz-f1-direksiyon-makam-isitma-hafiza-1009687644/detay
"
118,"https://www.sahibinden.com/ilan/vasita-otomobil-bmw-2014-model-320i-ed-modernline-kusursuz-arac-kredi-kullandirilir-983963510/detay
"
119,"https://www.sahibinden.com/ilan/vasita-otomobil-bmw-2012-bmw-520d-comfort-yari-hayalet-ekran-dijital-anahtar-1000383927/detay
"
120,"https://www.sahibinden.com/ilan/vasita-otomobil-bmw-arn-plaza-dan-2022-sportline-plusantrasit-tavan-plusexecutive-plusici-taba-1009464044/detay
"
121,"https://www.sahibinden.com/ilan/vasita-otomobil-bmw-arn-plaza-dan-2022-model-m-sport-plusexecutive-plustaba-koltuk-pluselk-bagaj-1009456676/detay
"
122,"https://www.sahibinden.com/ilan/vasita-otomobil-bmw-arn-plaza-dan-2022-model-m-sport-plusexecutive-plusici-taba-pluselk-bagaj-1009452697/detay
"
123,"https://www.sahibinden.com/ilan/vasita-otomobil-bmw-fys-motors-2015-bmw-5.20-special-edition-luxury-line-full-plusfull-931540619/detay
"
124,"https://www.sahibinden.com/ilan/vasita-otomobil-bmw-meydan-otomotiv-2016-bmw-520i-nbtekran-hayalet-vakum-nav-ebagaj-1000332796/detay
"
125,"https://www.sahibinden.com/ilan/vasita-otomobil-bmw-aydincan-auto-2016-bmw-320ied-sportline-23.000-km-18-kdv-1009328422/detay
"
126,"https://www.sahibinden.com/ilan/vasita-otomobil-bmw-ozlokmandan-hatasiz-boyasiz-tramersiz-981416929/detay
"
127,"https://www.sahibinden.com/ilan/vasita-otomobil-bmw-murat-korkmaz-2012-316i-modern-line-sunroof-nbt-led-xenon-159km-1009179929/detay
"
128,"https://www.sahibinden.com/ilan/vasita-otomobil-bmw-grand-borusan-2022-gran-coupe-sogutma-laser-mochaderi-tanzanite-999583933/detay
"
129,"https://www.sahibinden.com/ilan/vasita-otomobil-bmw-arn-plaza-dan-2022-model-plussportline-plusexecutive-pluskirmizi-pluselk-bagaj-1009082960/detay
"
130,"https://www.sahibinden.com/ilan/vasita-otomobil-bmw-sahibinden-hatasiz-boyasiz-1009047101/detay
"
131,"https://www.sahibinden.com/ilan/vasita-otomobil-bmw-makyajli-vakum-hayalet-hatasiz-bayii-1009054232/detay
"
132,"https://www.sahibinden.com/ilan/vasita-otomobil-bmw-2012-320.d-184-hp-ekranli-m-sport-k.ayna-sanruf-zenon-deri-k.lci-1009042364/detay
"
133,"https://www.sahibinden.com/ilan/vasita-otomobil-bmw-karalardan-tramersiz-bmw-1.18i-974406950/detay
"
134,"https://www.sahibinden.com/ilan/vasita-otomobil-bmw-grand-2021-bayi-520d-xdrive-harman-kardon-tabadoseme-carplay-1009030955/detay
"
135,"https://www.sahibinden.com/ilan/vasita-otomobil-bmw-lansman-rengi-2012-model-bmw-5.25d-xdrive-dis-m-paket-bayi-cikis-1008847629/detay
"
136,"https://www.sahibinden.com/ilan/vasita-otomobil-bmw-serhad-motors-2012-f30-dis-m-sport-nardo-gri-kaplama-ici-kirmizi-837487731/detay
"
137,"https://www.sahibinden.com/ilan/vasita-otomobil-bmw-serhad-motors-2008-lci-e60-m-sport-frankfurt-jant-spor-direksyon-1008830701/detay
"
138,"https://www.sahibinden.com/ilan/vasita-otomobil-bmw-arn-plaza-dan-2020-model-24.000-km-de-executive-pluskablosuz-sarj-plus-1008713053/detay
"
139,"https://www.sahibinden.com/ilan/vasita-otomobil-bmw-yasemen-den-bmw-320ied-40.years-edition-hatasiz-videolu-ilan-915715648/detay
"
140,"https://www.sahibinden.com/ilan/vasita-otomobil-bmw-sahibinden-cok-temiz-ozel-renk-kazasiz-tramersiz-999638707/detay
"
141,"https://www.sahibinden.com/ilan/vasita-otomobil-bmw-executive-plus-haylt-plusvakum-pluselk.bagj-plushrman-kordon-plusantr.tavn-plusnbt-955503272/detay
"
142,"https://www.sahibinden.com/ilan/vasita-otomobil-bmw-2014-bmw-520d-premium-hayalet-plusvakum-kapi-plushafiza-plusisitma-plussunroof-990235769/detay
"
143,"https://www.sahibinden.com/ilan/vasita-otomobil-bmw-2016-bmw-3.20-i-ed-luxury-line-plus-42.000-km-taba-943888864/detay
"
144,"https://www.sahibinden.com/ilan/vasita-otomobil-bmw-hatasiz-boyasiz-tremersiz-ici-kirmizi-40-yil-982641903/detay
"
145,"https://www.sahibinden.com/ilan/vasita-otomobil-bmw-miata-car-2016-bmw-520i-premium-990620757/detay
"
146,"https://www.sahibinden.com/ilan/vasita-otomobil-bmw-bacar-2021-bmw-z4-3.0i-edition-m-sport-996099848/detay
"
147,"https://www.sahibinden.com/ilan/vasita-otomobil-bmw-2013-bmw-320d-xdrive-gt-sport-line-gran-turismo-bayi-1007839736/detay
"
148,"https://www.sahibinden.com/ilan/vasita-otomobil-bmw-grand-2022-hementeslim-executive-m-sport-hifi-carplay-navigasyon-1007824162/detay
"
149,"https://www.sahibinden.com/ilan/vasita-otomobil-bmw-1989-bmw-325i-e30-sedan-m2-paket-06-hr-325-1007784290/detay
"
